ac6e5a,127.0.0.1,GET,http://rest-api-sudoku-app.local.humanequation.co/,1469554707,,200
533128,127.0.0.1,GET,http://rest-api-sudoku-app.local.humanequation.co/,1469555825,,200
fda76b,127.0.0.1,GET,http://rest-api-sudoku-app.local.humanequation.co/ok,1469555829,,200
2ff7f4,127.0.0.1,GET,http://rest-api-sudoku-app.local.humanequation.co/o,1469555835,d2fe3d,200
d2fe3d,127.0.0.1,GET,http://rest-api-sudoku-app.local.humanequation.co/o,1469555835,,404
b131dc,127.0.0.1,GET,http://rest-api-sudoku-app.local.humanequation.co/ok,1469555839,,200
030869,127.0.0.1,GET,http://rest-api-sudoku-app.local.humanequation.co/ok,1469555951,,200
89d4f6,127.0.0.1,GET,http://rest-api-sudoku-app.local.humanequation.co/ok,1469555988,,200
2c6870,127.0.0.1,GET,http://rest-api-sudoku-app.local.humanequation.co/ok,1469556541,,200
81a9c7,127.0.0.1,GET,http://rest-api-sudoku-app.local.humanequation.co/ok,1469566979,b1d78a,200
b1d78a,127.0.0.1,GET,http://rest-api-sudoku-app.local.humanequation.co/ok,1469566979,,500
b160ff,127.0.0.1,GET,http://rest-api-sudoku-app.local.humanequation.co/ok,1469567073,21931a,200
21931a,127.0.0.1,GET,http://rest-api-sudoku-app.local.humanequation.co/ok,1469567073,,500
7bc6fe,127.0.0.1,GET,http://rest-api-sudoku-app.local.humanequation.co/ok,1469567119,c51374,200
c51374,127.0.0.1,GET,http://rest-api-sudoku-app.local.humanequation.co/ok,1469567119,,500
6b637b,127.0.0.1,GET,http://rest-api-sudoku-app.local.humanequation.co/ok,1469567134,353e08,200
353e08,127.0.0.1,GET,http://rest-api-sudoku-app.local.humanequation.co/ok,1469567134,,500
0fd27c,127.0.0.1,GET,http://rest-api-sudoku-app.local.humanequation.co/ok,1469567186,be5d3a,200
be5d3a,127.0.0.1,GET,http://rest-api-sudoku-app.local.humanequation.co/ok,1469567186,,500
84c848,127.0.0.1,GET,http://rest-api-sudoku-app.local.humanequation.co/ok,1469567208,e5d2b8,200
e5d2b8,127.0.0.1,GET,http://rest-api-sudoku-app.local.humanequation.co/ok,1469567208,,500
35c4c2,127.0.0.1,GET,http://rest-api-sudoku-app.local.humanequation.co/ok,1469567250,d5fe56,200
d5fe56,127.0.0.1,GET,http://rest-api-sudoku-app.local.humanequation.co/ok,1469567251,,500
233fbd,127.0.0.1,GET,http://rest-api-sudoku-app.local.humanequation.co/ok,1469567264,eec6f4,200
eec6f4,127.0.0.1,GET,http://rest-api-sudoku-app.local.humanequation.co/ok,1469567264,,500
3ede98,127.0.0.1,GET,http://rest-api-sudoku-app.local.humanequation.co/ok,1469567370,156b3f,200
156b3f,127.0.0.1,GET,http://rest-api-sudoku-app.local.humanequation.co/ok,1469567370,,500
9791a9,127.0.0.1,GET,http://rest-api-sudoku-app.local.humanequation.co/ok,1469567397,392e16,200
392e16,127.0.0.1,GET,http://rest-api-sudoku-app.local.humanequation.co/ok,1469567397,,500
12963a,127.0.0.1,GET,http://rest-api-sudoku-app.local.humanequation.co/ok,1469567401,babb15,200
babb15,127.0.0.1,GET,http://rest-api-sudoku-app.local.humanequation.co/ok,1469567401,,500
4eec49,127.0.0.1,GET,http://rest-api-sudoku-app.local.humanequation.co/ok,1469567405,312364,200
312364,127.0.0.1,GET,http://rest-api-sudoku-app.local.humanequation.co/ok,1469567405,,500
bb6d3d,127.0.0.1,GET,http://rest-api-sudoku-app.local.humanequation.co/ok,1469567438,25e196,200
25e196,127.0.0.1,GET,http://rest-api-sudoku-app.local.humanequation.co/ok,1469567438,,500
89f72c,127.0.0.1,GET,http://rest-api-sudoku-app.local.humanequation.co/ok,1469567532,57005e,200
57005e,127.0.0.1,GET,http://rest-api-sudoku-app.local.humanequation.co/ok,1469567532,,500
24f500,127.0.0.1,GET,http://rest-api-sudoku-app.local.humanequation.co/ok,1469567579,2e9e97,200
2e9e97,127.0.0.1,GET,http://rest-api-sudoku-app.local.humanequation.co/ok,1469567579,,500
6fb2b1,127.0.0.1,GET,http://rest-api-sudoku-app.local.humanequation.co/ok,1469567661,fad56a,200
fad56a,127.0.0.1,GET,http://rest-api-sudoku-app.local.humanequation.co/ok,1469567661,,500
d7afb6,127.0.0.1,GET,http://rest-api-sudoku-app.local.humanequation.co/ok,1469567707,3bba1f,200
3bba1f,127.0.0.1,GET,http://rest-api-sudoku-app.local.humanequation.co/ok,1469567707,,500
d0468f,127.0.0.1,GET,http://rest-api-sudoku-app.local.humanequation.co/ok,1469567724,9067b4,200
9067b4,127.0.0.1,GET,http://rest-api-sudoku-app.local.humanequation.co/ok,1469567724,,500
54e15a,127.0.0.1,GET,http://rest-api-sudoku-app.local.humanequation.co/ok,1469567892,432154,200
432154,127.0.0.1,GET,http://rest-api-sudoku-app.local.humanequation.co/ok,1469567892,,500
081a38,127.0.0.1,GET,http://rest-api-sudoku-app.local.humanequation.co/ok,1469567910,73fe82,200
73fe82,127.0.0.1,GET,http://rest-api-sudoku-app.local.humanequation.co/ok,1469567910,,500
6a8a58,127.0.0.1,GET,http://rest-api-sudoku-app.local.humanequation.co/ok,1469567918,f97a51,200
f97a51,127.0.0.1,GET,http://rest-api-sudoku-app.local.humanequation.co/ok,1469567918,,500
d3e17c,127.0.0.1,GET,http://rest-api-sudoku-app.local.humanequation.co/ok,1469567971,917ec2,200
917ec2,127.0.0.1,GET,http://rest-api-sudoku-app.local.humanequation.co/ok,1469567971,,500
cb5b11,127.0.0.1,GET,http://rest-api-sudoku-app.local.humanequation.co/ok,1469568027,08cc86,200
08cc86,127.0.0.1,GET,http://rest-api-sudoku-app.local.humanequation.co/ok,1469568027,,500
2e9d40,127.0.0.1,GET,http://rest-api-sudoku-app.local.humanequation.co/ok,1469568058,9058fb,200
9058fb,127.0.0.1,GET,http://rest-api-sudoku-app.local.humanequation.co/ok,1469568058,,500
112a5e,127.0.0.1,GET,http://rest-api-sudoku-app.local.humanequation.co/api/1/example,1469568102,681656,200
681656,127.0.0.1,GET,http://rest-api-sudoku-app.local.humanequation.co/api/1/example,1469568102,,404
068c0b,127.0.0.1,GET,http://rest-api-sudoku-app.local.humanequation.co/1/example,1469568129,8e5268,200
8e5268,127.0.0.1,GET,http://rest-api-sudoku-app.local.humanequation.co/1/example,1469568129,,404
269b37,127.0.0.1,GET,http://rest-api-sudoku-app.local.humanequation.co/api/1/example,1469568139,724d2e,200
724d2e,127.0.0.1,GET,http://rest-api-sudoku-app.local.humanequation.co/api/1/example,1469568140,,404
a84a0c,127.0.0.1,GET,http://rest-api-sudoku-app.local.humanequation.co/,1469568143,ee64b2,200
ee64b2,127.0.0.1,GET,http://rest-api-sudoku-app.local.humanequation.co/,1469568144,,500
45ac45,127.0.0.1,GET,http://rest-api-sudoku-app.local.humanequation.co/ok,1469568149,b8cad7,200
b8cad7,127.0.0.1,GET,http://rest-api-sudoku-app.local.humanequation.co/ok,1469568149,,500
ac0ec3,127.0.0.1,GET,http://rest-api-sudoku-app.local.humanequation.co/gjh,1469568155,134498,200
134498,127.0.0.1,GET,http://rest-api-sudoku-app.local.humanequation.co/gjh,1469568155,,404
264019,127.0.0.1,GET,http://rest-api-sudoku-app.local.humanequation.co/ok,1469568161,5c4922,200
5c4922,127.0.0.1,GET,http://rest-api-sudoku-app.local.humanequation.co/ok,1469568161,,500
05c7d4,127.0.0.1,GET,http://rest-api-sudoku-app.local.humanequation.co/gjh,1469568201,fac188,200
fac188,127.0.0.1,GET,http://rest-api-sudoku-app.local.humanequation.co/gjh,1469568201,,404
1d57cf,127.0.0.1,GET,http://rest-api-sudoku-app.local.humanequation.co/api/v1/example,1469568204,7923ed,200
7923ed,127.0.0.1,GET,http://rest-api-sudoku-app.local.humanequation.co/api/v1/example,1469568204,,500
351565,127.0.0.1,GET,http://rest-api-sudoku-app.local.humanequation.co/api/v1/example,1469568240,084530,200
084530,127.0.0.1,GET,http://rest-api-sudoku-app.local.humanequation.co/api/v1/example,1469568240,,500
6156b5,127.0.0.1,GET,http://rest-api-sudoku-app.local.humanequation.co/api/v1/example,1469568653,3196d5,200
3196d5,127.0.0.1,GET,http://rest-api-sudoku-app.local.humanequation.co/api/v1/example,1469568653,,500
7b23b4,127.0.0.1,GET,http://rest-api-sudoku-app.local.humanequation.co/api/v1/example,1469568832,,200
a90d67,127.0.0.1,GET,http://rest-api-sudoku-app.local.humanequation.co/ok,1469630932,b42c89,200
b42c89,127.0.0.1,GET,http://rest-api-sudoku-app.local.humanequation.co/ok,1469630932,,404
6600c0,127.0.0.1,GET,http://rest-api-sudoku-app.local.humanequation.co/ok,1469631203,4f97ca,200
4f97ca,127.0.0.1,GET,http://rest-api-sudoku-app.local.humanequation.co/ok,1469631203,,404
efc09d,127.0.0.1,GET,http://rest-api-sudoku-app.local.humanequation.co/ok,1469631218,124b8e,200
124b8e,127.0.0.1,GET,http://rest-api-sudoku-app.local.humanequation.co/ok,1469631218,,404
1357b7,127.0.0.1,GET,http://rest-api-sudoku-app.local.humanequation.co/api/v1/example,1469631274,092f0d,200
092f0d,127.0.0.1,GET,http://rest-api-sudoku-app.local.humanequation.co/api/v1/example,1469631274,,500
57e2da,127.0.0.1,GET,http://rest-api-sudoku-app.local.humanequation.co/ok,1469631316,f6751d,200
f6751d,127.0.0.1,GET,http://rest-api-sudoku-app.local.humanequation.co/ok,1469631316,,404
1579bf,127.0.0.1,GET,http://rest-api-sudoku-app.local.humanequation.co/ok,1469631325,47706f,200
47706f,127.0.0.1,GET,http://rest-api-sudoku-app.local.humanequation.co/ok,1469631325,,404
b8882b,127.0.0.1,GET,http://rest-api-sudoku-app.local.humanequation.co/api/v1/example,1469631369,e5c9f6,200
e5c9f6,127.0.0.1,GET,http://rest-api-sudoku-app.local.humanequation.co/api/v1/example,1469631369,,500
3212be,127.0.0.1,GET,http://rest-api-sudoku-app.local.humanequation.co/api/v1/example,1469632112,f0407c,200
f0407c,127.0.0.1,GET,http://rest-api-sudoku-app.local.humanequation.co/api/v1/example,1469632112,,500
4a0882,127.0.0.1,GET,http://rest-api-sudoku-app.local.humanequation.co/api/v1/example,1469632119,b2deb1,200
b2deb1,127.0.0.1,GET,http://rest-api-sudoku-app.local.humanequation.co/api/v1/example,1469632119,,500
fd52df,127.0.0.1,GET,http://rest-api-sudoku-app.local.humanequation.co/api/v1/example,1469632131,472dc5,200
472dc5,127.0.0.1,GET,http://rest-api-sudoku-app.local.humanequation.co/api/v1/example,1469632131,,500
aaf49b,127.0.0.1,GET,http://rest-api-sudoku-app.local.humanequation.co/api/v1/example,1469632156,1d041d,200
1d041d,127.0.0.1,GET,http://rest-api-sudoku-app.local.humanequation.co/api/v1/example,1469632156,,500
1b65d3,127.0.0.1,GET,http://rest-api-sudoku-app.local.humanequation.co/api/v1/example,1469632177,7e3bd0,200
7e3bd0,127.0.0.1,GET,http://rest-api-sudoku-app.local.humanequation.co/api/v1/example,1469632177,,500
df1c9c,127.0.0.1,GET,http://rest-api-sudoku-app.local.humanequation.co/api/v1/example,1469632265,,200
1cb571,127.0.0.1,GET,http://rest-api-sudoku-app.local.humanequation.co/api/v1/example,1469632320,,200
67e7ef,127.0.0.1,GET,http://rest-api-sudoku-app.local.humanequation.co/api/v1/example,1469632345,,200
ce3c3e,127.0.0.1,GET,http://rest-api-sudoku-app.local.humanequation.co/api/v1/example,1469632349,,200
8e9b80,127.0.0.1,GET,http://rest-api-sudoku-app.local.humanequation.co/api/v1/example,1469632369,,200
723288,127.0.0.1,GET,http://rest-api-sudoku-app.local.humanequation.co/api/v1/example,1469632372,,200
e91ab1,127.0.0.1,GET,http://rest-api-sudoku-app.local.humanequation.co/api/newgame,1469632651,d62fee,200
d62fee,127.0.0.1,GET,http://rest-api-sudoku-app.local.humanequation.co/api/newgame,1469632652,,500
355036,127.0.0.1,GET,http://rest-api-sudoku-app.local.humanequation.co/_wdt/d62fee,1469632653,9f4834,200
9f4834,127.0.0.1,GET,http://rest-api-sudoku-app.local.humanequation.co/_wdt/d62fee,1469632653,,500
232b67,127.0.0.1,GET,http://rest-api-sudoku-app.local.humanequation.co/_profiler/d62fee,1469632660,ff79f0,200
ff79f0,127.0.0.1,GET,http://rest-api-sudoku-app.local.humanequation.co/_profiler/d62fee,1469632660,,500
a67c33,127.0.0.1,GET,http://rest-api-sudoku-app.local.humanequation.co/_wdt/ff79f0,1469632662,ec69ba,200
ec69ba,127.0.0.1,GET,http://rest-api-sudoku-app.local.humanequation.co/_wdt/ff79f0,1469632662,,500
22ada0,127.0.0.1,GET,http://rest-api-sudoku-app.local.humanequation.co/newgame,1469632679,773f82,200
773f82,127.0.0.1,GET,http://rest-api-sudoku-app.local.humanequation.co/newgame,1469632679,,404
b0e374,127.0.0.1,GET,http://rest-api-sudoku-app.local.humanequation.co/api/newgame,1469632687,47fde2,200
47fde2,127.0.0.1,GET,http://rest-api-sudoku-app.local.humanequation.co/api/newgame,1469632687,,404
c8e185,127.0.0.1,GET,http://rest-api-sudoku-app.local.humanequation.co/api/newgame/easy,1469632696,,200
f36adf,127.0.0.1,GET,http://rest-api-sudoku-app.local.humanequation.co/api/v1/example,1469633827,,200
40a477,127.0.0.1,GET,http://rest-api-sudoku-app.local.humanequation.co/api/v1/example,1469633834,,200
677772,127.0.0.1,GET,http://rest-api-sudoku-app.local.humanequation.co/api/v1/example,1469633852,,200
3980db,127.0.0.1,GET,http://rest-api-sudoku-app.local.humanequation.co/api/v1/example,1469633886,,200
e44b0a,127.0.0.1,GET,http://rest-api-sudoku-app.local.humanequation.co/api/newgame/easy,1469648144,c07719,200
c07719,127.0.0.1,GET,http://rest-api-sudoku-app.local.humanequation.co/api/newgame/easy,1469648144,,500
94ea89,127.0.0.1,GET,http://rest-api-sudoku-app.local.humanequation.co/api/newgame/easy/1234,1469648205,3dce2c,200
3dce2c,127.0.0.1,GET,http://rest-api-sudoku-app.local.humanequation.co/api/newgame/easy/1234,1469648205,,500
2cb35b,127.0.0.1,GET,http://rest-api-sudoku-app.local.humanequation.co/api/newgame/easy/1234,1469648243,ce88c9,200
ce88c9,127.0.0.1,GET,http://rest-api-sudoku-app.local.humanequation.co/api/newgame/easy/1234,1469648243,,500
109a10,127.0.0.1,GET,http://rest-api-sudoku-app.local.humanequation.co/api/newgame/easy/1234,1469648251,2afd73,200
2afd73,127.0.0.1,GET,http://rest-api-sudoku-app.local.humanequation.co/api/newgame/easy/1234,1469648251,,500
3ba413,127.0.0.1,GET,http://rest-api-sudoku-app.local.humanequation.co/api/newgame/easy/1234,1469648267,,200
77f82f,127.0.0.1,GET,http://rest-api-sudoku-app.local.humanequation.co/api/newgame/easy/1234,1469648452,,200
0efca2,127.0.0.1,GET,http://rest-api-sudoku-app.local.humanequation.co/api/newgame/easy/1234,1469651579,3d0726,200
3d0726,127.0.0.1,GET,http://rest-api-sudoku-app.local.humanequation.co/api/newgame/easy/1234,1469651579,,500
d99225,127.0.0.1,GET,http://rest-api-sudoku-app.local.humanequation.co/api/newgame/easy/1234,1469651611,,200
7e1cfa,127.0.0.1,GET,http://rest-api-sudoku-app.local.humanequation.co/api/newgame/easy/1234,1469651659,0bd85a,200
0bd85a,127.0.0.1,GET,http://rest-api-sudoku-app.local.humanequation.co/api/newgame/easy/1234,1469651659,,500
694c92,127.0.0.1,GET,http://rest-api-sudoku-app.local.humanequation.co/api/newgame/easy/1234,1469651801,57b343,200
57b343,127.0.0.1,GET,http://rest-api-sudoku-app.local.humanequation.co/api/newgame/easy/1234,1469651801,,500
e43c4b,127.0.0.1,GET,http://rest-api-sudoku-app.local.humanequation.co/api/newgame/easy/1234,1469651811,1873b3,200
1873b3,127.0.0.1,GET,http://rest-api-sudoku-app.local.humanequation.co/api/newgame/easy/1234,1469651811,,500
63ba5a,127.0.0.1,GET,http://rest-api-sudoku-app.local.humanequation.co/api/newgame/easy/1234,1469652610,456b40,200
456b40,127.0.0.1,GET,http://rest-api-sudoku-app.local.humanequation.co/api/newgame/easy/1234,1469652610,,500
9e73d9,127.0.0.1,GET,http://rest-api-sudoku-app.local.humanequation.co/api/newgame/easy/1234,1469653097,dcc759,200
dcc759,127.0.0.1,GET,http://rest-api-sudoku-app.local.humanequation.co/api/newgame/easy/1234,1469653097,,500
54b775,127.0.0.1,GET,http://rest-api-sudoku-app.local.humanequation.co/api/newgame/easy/1234,1469653109,dc9352,200
dc9352,127.0.0.1,GET,http://rest-api-sudoku-app.local.humanequation.co/api/newgame/easy/1234,1469653109,,500
2d164b,127.0.0.1,GET,http://rest-api-sudoku-app.local.humanequation.co/api/newgame/easy/1234,1469653156,5e1f52,200
5e1f52,127.0.0.1,GET,http://rest-api-sudoku-app.local.humanequation.co/api/newgame/easy/1234,1469653156,,500
0ecce7,127.0.0.1,GET,http://rest-api-sudoku-app.local.humanequation.co/api/newgame/easy/1234,1469653170,d38ed4,200
d38ed4,127.0.0.1,GET,http://rest-api-sudoku-app.local.humanequation.co/api/newgame/easy/1234,1469653170,,500
331726,127.0.0.1,GET,http://rest-api-sudoku-app.local.humanequation.co/api/newgame/easy/1234,1469653192,7e3773,200
7e3773,127.0.0.1,GET,http://rest-api-sudoku-app.local.humanequation.co/api/newgame/easy/1234,1469653192,,500
e9d2bc,127.0.0.1,GET,http://rest-api-sudoku-app.local.humanequation.co/api/newgame/easy/1234,1469653213,8acd1a,200
8acd1a,127.0.0.1,GET,http://rest-api-sudoku-app.local.humanequation.co/api/newgame/easy/1234,1469653213,,500
725bce,127.0.0.1,GET,http://rest-api-sudoku-app.local.humanequation.co/api/newgame/easy/1234,1469653346,76d8a3,200
76d8a3,127.0.0.1,GET,http://rest-api-sudoku-app.local.humanequation.co/api/newgame/easy/1234,1469653346,,500
ad98ea,127.0.0.1,GET,http://rest-api-sudoku-app.local.humanequation.co/api/newgame/easy/1234,1469653376,,200
085b1d,127.0.0.1,GET,http://rest-api-sudoku-app.local.humanequation.co/api/newgame/easy/1234,1469653818,,200
92370b,127.0.0.1,GET,http://rest-api-sudoku-app.local.humanequation.co/api/v1/example,1469653916,,200
174249,127.0.0.1,GET,http://rest-api-sudoku-app.local.humanequation.co/api/v1/example,1469653926,,200
931588,127.0.0.1,GET,http://rest-api-sudoku-app.local.humanequation.co/api/newgame/easy/1234,1469653964,,200
ef3c5f,127.0.0.1,GET,http://rest-api-sudoku-app.local.humanequation.co/ok,1469716675,95f606,200
95f606,127.0.0.1,GET,http://rest-api-sudoku-app.local.humanequation.co/ok,1469716675,,404
f72e27,127.0.0.1,GET,http://rest-api-sudoku-app.local.humanequation.co/api/newgame/easy/1234,1469716682,,200
91899c,127.0.0.1,GET,http://rest-api-sudoku-app.local.humanequation.co/api/newgame/easy/1234,1469716962,,200
5a9364,127.0.0.1,GET,http://rest-api-sudoku-app.local.humanequation.co/api/newgame/easy/1234,1469717147,2e6181,200
2e6181,127.0.0.1,GET,http://rest-api-sudoku-app.local.humanequation.co/api/newgame/easy/1234,1469717147,,500
70072e,127.0.0.1,GET,http://rest-api-sudoku-app.local.humanequation.co/api/newgame/easy/1234,1469717221,,200
cb8652,127.0.0.1,GET,http://rest-api-sudoku-app.local.humanequation.co/api/newgame/easy/1234,1469717825,,200
e6307a,127.0.0.1,GET,http://rest-api-sudoku-app.local.humanequation.co/api/newgame/easy/1234,1469717855,,200
679c90,127.0.0.1,GET,http://rest-api-sudoku-app.local.humanequation.co/api/newgame/easy/1234,1469717892,,200
3ffe0e,127.0.0.1,GET,http://rest-api-sudoku-app.local.humanequation.co/api/newgame/easy/1234,1469718008,,200
6267ea,127.0.0.1,GET,http://rest-api-sudoku-app.local.humanequation.co/api/newgame/easy/1234,1469718016,,200
60ce4f,127.0.0.1,GET,http://rest-api-sudoku-app.local.humanequation.co/api/newgame/easy/1234,1469718088,,200
49ba52,127.0.0.1,GET,http://rest-api-sudoku-app.local.humanequation.co/api/newgame/easy/21344,1469718193,,200
192f02,127.0.0.1,GET,http://rest-api-sudoku-app.local.humanequation.co/api/newgame/easy/10000,1469718201,,200
0294d9,127.0.0.1,GET,http://rest-api-sudoku-app.local.humanequation.co/api/newgame/easy/10000,1469718381,,200
04b67d,127.0.0.1,GET,http://rest-api-sudoku-app.local.humanequation.co/api/newgame/easy/10000,1469718381,,200
9892e1,127.0.0.1,GET,http://rest-api-sudoku-app.local.humanequation.co/api/newgame/easy/10000,1469718381,,200
83c2e5,127.0.0.1,GET,http://rest-api-sudoku-app.local.humanequation.co/api/newgame/easy/10000,1469718381,,200
06e921,127.0.0.1,GET,http://rest-api-sudoku-app.local.humanequation.co/api/newgame/easy/10000,1469718381,,200
6dadeb,127.0.0.1,GET,http://rest-api-sudoku-app.local.humanequation.co/api/newgame/easy/10000,1469718381,,200
ed0611,127.0.0.1,GET,http://rest-api-sudoku-app.local.humanequation.co/api/newgame/easy/10000,1469718381,,200
2f159a,127.0.0.1,GET,http://rest-api-sudoku-app.local.humanequation.co/api/newgame/easy/10000,1469718381,,200
10e3e1,127.0.0.1,GET,http://rest-api-sudoku-app.local.humanequation.co/api/newgame/easy/10000,1469718382,,200
40efe4,127.0.0.1,GET,http://rest-api-sudoku-app.local.humanequation.co/api/newgame/easy/10000,1469718382,,200
d06ee6,127.0.0.1,GET,http://rest-api-sudoku-app.local.humanequation.co/api/newgame/easy/10000,1469718382,,200
31d851,127.0.0.1,GET,http://rest-api-sudoku-app.local.humanequation.co/api/newgame/easy/10000,1469718382,,200
9aee83,127.0.0.1,GET,http://rest-api-sudoku-app.local.humanequation.co/api/newgame/easy/10000,1469718382,,200
8ef86f,127.0.0.1,GET,http://rest-api-sudoku-app.local.humanequation.co/api/newgame/easy/10000,1469718382,,200
cde5ad,127.0.0.1,GET,http://rest-api-sudoku-app.local.humanequation.co/api/newgame/easy/10000,1469718382,,200
5fe464,127.0.0.1,GET,http://rest-api-sudoku-app.local.humanequation.co/api/newgame/easy/10000,1469718382,,200
2bf7e4,127.0.0.1,GET,http://rest-api-sudoku-app.local.humanequation.co/api/newgame/easy/10000,1469718383,,200
862c75,127.0.0.1,GET,http://rest-api-sudoku-app.local.humanequation.co/api/newgame/easy/10000,1469718383,,200
be5117,127.0.0.1,GET,http://rest-api-sudoku-app.local.humanequation.co/api/newgame/easy/10000,1469718383,,200
a0c291,127.0.0.1,GET,http://rest-api-sudoku-app.local.humanequation.co/api/newgame/easy/10000,1469718383,,200
fb4b74,127.0.0.1,GET,http://rest-api-sudoku-app.local.humanequation.co/api/newgame/easy/10000,1469718383,,200
1b90e2,127.0.0.1,GET,http://rest-api-sudoku-app.local.humanequation.co/api/newgame/easy/10000,1469718383,,200
e04841,127.0.0.1,GET,http://rest-api-sudoku-app.local.humanequation.co/api/newgame/easy/10000,1469718383,,200
ab70f5,127.0.0.1,GET,http://rest-api-sudoku-app.local.humanequation.co/api/newgame/easy/10000,1469718383,,200
dbe876,127.0.0.1,GET,http://rest-api-sudoku-app.local.humanequation.co/api/newgame/easy/10000,1469718383,,200
dc31ce,127.0.0.1,GET,http://rest-api-sudoku-app.local.humanequation.co/api/newgame/easy/10000,1469718384,,200
aa4e65,127.0.0.1,GET,http://rest-api-sudoku-app.local.humanequation.co/api/newgame/easy/10000,1469718384,,200
bc3b58,127.0.0.1,GET,http://rest-api-sudoku-app.local.humanequation.co/api/newgame/easy/10000,1469718384,,200
9fa7fc,127.0.0.1,GET,http://rest-api-sudoku-app.local.humanequation.co/api/newgame/easy/10000,1469718384,,200
214bec,127.0.0.1,GET,http://rest-api-sudoku-app.local.humanequation.co/api/newgame/easy/10000,1469718385,,200
b698be,127.0.0.1,GET,http://rest-api-sudoku-app.local.humanequation.co/api/newgame/easy/10000,1469718385,,200
037922,127.0.0.1,GET,http://rest-api-sudoku-app.local.humanequation.co/api/newgame/easy/10000,1469718385,,200
f2b030,127.0.0.1,GET,http://rest-api-sudoku-app.local.humanequation.co/api/newgame/easy/10000,1469718385,,200
66e4b2,127.0.0.1,GET,http://rest-api-sudoku-app.local.humanequation.co/api/newgame/easy/10000,1469718385,,200
fa299d,127.0.0.1,GET,http://rest-api-sudoku-app.local.humanequation.co/api/newgame/easy/10000,1469718386,,200
2b893a,127.0.0.1,GET,http://rest-api-sudoku-app.local.humanequation.co/api/newgame/easy/10000,1469718386,,200
1fa9f4,127.0.0.1,GET,http://rest-api-sudoku-app.local.humanequation.co/api/newgame/easy/10000,1469718387,,200
dbd012,127.0.0.1,GET,http://rest-api-sudoku-app.local.humanequation.co/api/newgame/easy/10000,1469718790,,200
78c0ba,127.0.0.1,GET,http://rest-api-sudoku-app.local.humanequation.co/api/newgame/easy/10000,1469718796,,200
c4fba7,127.0.0.1,GET,http://rest-api-sudoku-app.local.humanequation.co/api/newgame/easy/1111,1469718857,,200
96a9c4,127.0.0.1,GET,http://rest-api-sudoku-app.local.humanequation.co/api/newgame/easy/1111,1469718869,,200
c49ce4,127.0.0.1,GET,http://rest-api-sudoku-app.local.humanequation.co/api/newgame/medium/1111,1469718873,,200
90c842,127.0.0.1,GET,http://rest-api-sudoku-app.local.humanequation.co/api/newgame/medium/1111,1469718877,,200
d894a8,127.0.0.1,GET,http://rest-api-sudoku-app.local.humanequation.co/api/newgame/medium/1111,1469720457,7ceee2,200
7ceee2,127.0.0.1,GET,http://rest-api-sudoku-app.local.humanequation.co/api/newgame/medium/1111,1469720457,,500
787975,127.0.0.1,GET,http://rest-api-sudoku-app.local.humanequation.co/api/newgame/medium/1111,1469720470,,200
47350b,127.0.0.1,GET,http://rest-api-sudoku-app.local.humanequation.co/api/newgame/easy/1234,1469721381,,200
6b3ad7,127.0.0.1,GET,http://rest-api-sudoku-app.local.humanequation.co/api/newgame/easy/1234,1469721401,,200
2957b3,127.0.0.1,GET,http://rest-api-sudoku-app.local.humanequation.co/api/newgame/medium/1234,1469741527,,200
2da391,127.0.0.1,GET,http://rest-api-sudoku-app.local.humanequation.co/api/newgame/easy/1234,1469741548,,200
4207f5,127.0.0.1,GET,http://rest-api-sudoku-app.local.humanequation.co/api/newgame/easy/1234,1469741822,,200
2bd10d,127.0.0.1,GET,http://rest-api-sudoku-app.local.humanequation.co/api/newgame/easy/1234,1469741859,,200
86c186,127.0.0.1,GET,http://rest-api-sudoku-app.local.humanequation.co/api/newgame/easy/1234,1469741887,,200
166975,127.0.0.1,GET,http://rest-api-sudoku-app.local.humanequation.co/api/newgame/medium/1234,1469742075,,200
c3bf30,127.0.0.1,GET,http://rest-api-sudoku-app.local.humanequation.co/api/newgame/easy/1234,1469742106,,200
0fa285,127.0.0.1,GET,http://rest-api-sudoku-app.local.humanequation.co/api/newgame/medium/1234,1469742133,,200
fd589b,127.0.0.1,GET,http://rest-api-sudoku-app.local.humanequation.co/api/newgame/easy/1234,1469742178,,200
ddfc0b,127.0.0.1,GET,http://rest-api-sudoku-app.local.humanequation.co/api/newgame/easy/1234,1469742520,,200
c92728,127.0.0.1,GET,http://rest-api-sudoku-app.local.humanequation.co/api/newgame/easy/1234,1469800859,,200
c52801,127.0.0.1,GET,http://rest-api-sudoku-app.local.humanequation.co/api/newgame/easy/1234,1469803703,b1be63,200
b1be63,127.0.0.1,GET,http://rest-api-sudoku-app.local.humanequation.co/api/newgame/easy/1234,1469803703,,500
eb0fa7,127.0.0.1,GET,http://rest-api-sudoku-app.local.humanequation.co/api/newgame/easy/1234,1469806577,4f9c8c,200
4f9c8c,127.0.0.1,GET,http://rest-api-sudoku-app.local.humanequation.co/api/newgame/easy/1234,1469806577,,500
ee5478,127.0.0.1,GET,http://rest-api-sudoku-app.local.humanequation.co/api/newgame/easy/1234,1469806596,c3d77e,200
c3d77e,127.0.0.1,GET,http://rest-api-sudoku-app.local.humanequation.co/api/newgame/easy/1234,1469806596,,500
3f6e2e,127.0.0.1,GET,http://rest-api-sudoku-app.local.humanequation.co/api/newgame/easy/1234,1469807503,f64fe1,200
f64fe1,127.0.0.1,GET,http://rest-api-sudoku-app.local.humanequation.co/api/newgame/easy/1234,1469807503,,500
89b769,127.0.0.1,GET,http://rest-api-sudoku-app.local.humanequation.co/api/newgame/easy/1234,1469812989,379018,200
379018,127.0.0.1,GET,http://rest-api-sudoku-app.local.humanequation.co/api/newgame/easy/1234,1469812989,,500
929be7,127.0.0.1,GET,http://rest-api-sudoku-app.local.humanequation.co/api/newgame/easy/1234,1469813010,27e04d,200
27e04d,127.0.0.1,GET,http://rest-api-sudoku-app.local.humanequation.co/api/newgame/easy/1234,1469813010,,500
79bed1,127.0.0.1,GET,http://rest-api-sudoku-app.local.humanequation.co/api/newgame/easy/1234,1469813044,50890e,200
50890e,127.0.0.1,GET,http://rest-api-sudoku-app.local.humanequation.co/api/newgame/easy/1234,1469813044,,500
f334fc,127.0.0.1,GET,http://rest-api-sudoku-app.local.humanequation.co/api/newgame/easy/1234,1469813057,e2ea20,200
e2ea20,127.0.0.1,GET,http://rest-api-sudoku-app.local.humanequation.co/api/newgame/easy/1234,1469813058,,500
01e5a4,127.0.0.1,GET,http://rest-api-sudoku-app.local.humanequation.co/api/newgame/easy/1234,1469813103,,200
104947,127.0.0.1,GET,http://rest-api-sudoku-app.local.humanequation.co/api/gettimer/42/1234,1469813185,294a20,200
294a20,127.0.0.1,GET,http://rest-api-sudoku-app.local.humanequation.co/api/gettimer/42/1234,1469813185,,500
b98218,127.0.0.1,GET,http://rest-api-sudoku-app.local.humanequation.co/api/gettimer/42/1234,1469813208,4ce59f,200
4ce59f,127.0.0.1,GET,http://rest-api-sudoku-app.local.humanequation.co/api/gettimer/42/1234,1469813208,,500
6473d3,127.0.0.1,GET,http://rest-api-sudoku-app.local.humanequation.co/api/gettimer/42/1234,1469813256,cf1e7b,200
cf1e7b,127.0.0.1,GET,http://rest-api-sudoku-app.local.humanequation.co/api/gettimer/42/1234,1469813256,,500
a8db01,127.0.0.1,GET,http://rest-api-sudoku-app.local.humanequation.co/api/gettimer/42/1234,1469813329,,200
5ba119,127.0.0.1,GET,http://rest-api-sudoku-app.local.humanequation.co/api/newgame/medium/1234,1469813345,,200
1b948c,127.0.0.1,GET,http://rest-api-sudoku-app.local.humanequation.co/api/gettimer/42/1234,1469813350,,200
36df19,127.0.0.1,GET,http://rest-api-sudoku-app.local.humanequation.co/api/gettimer/43/1234,1469813471,,200
d7ffa1,127.0.0.1,GET,http://rest-api-sudoku-app.local.humanequation.co/api/gettimer/42/1234,1469813488,,200
dfd383,127.0.0.1,GET,http://rest-api-sudoku-app.local.humanequation.co/api/gettimer/42/1234,1469813517,,200
02adbf,127.0.0.1,GET,http://rest-api-sudoku-app.local.humanequation.co/api/gettimer/42/1234,1469820991,,200
5e0188,127.0.0.1,GET,http://rest-api-sudoku-app.local.humanequation.co/api/savescore/42/1234/798031,1469821116,4c8f70,200
4c8f70,127.0.0.1,GET,http://rest-api-sudoku-app.local.humanequation.co/api/savescore/42/1234/798031,1469821116,,500
f0e941,127.0.0.1,GET,http://rest-api-sudoku-app.local.humanequation.co/api/savescore/42/1234/798031,1469821143,21631d,200
21631d,127.0.0.1,GET,http://rest-api-sudoku-app.local.humanequation.co/api/savescore/42/1234/798031,1469821143,,500
927d92,127.0.0.1,GET,http://rest-api-sudoku-app.local.humanequation.co/api/savescore/42/1234/798031,1469821205,ddd805,200
ddd805,127.0.0.1,GET,http://rest-api-sudoku-app.local.humanequation.co/api/savescore/42/1234/798031,1469821205,,500
ed1f8c,127.0.0.1,GET,http://rest-api-sudoku-app.local.humanequation.co/api/savescore/42/1234/798031,1469821212,817104,200
817104,127.0.0.1,GET,http://rest-api-sudoku-app.local.humanequation.co/api/savescore/42/1234/798031,1469821212,,500
d15f31,127.0.0.1,GET,http://rest-api-sudoku-app.local.humanequation.co/api/savescore/42/1234/798031,1469821342,858e68,200
858e68,127.0.0.1,GET,http://rest-api-sudoku-app.local.humanequation.co/api/savescore/42/1234/798031,1469821342,,500
2cd83a,127.0.0.1,GET,http://rest-api-sudoku-app.local.humanequation.co/api/savescore/42/1234/798031,1469821410,,200
b0cc2a,127.0.0.1,GET,http://rest-api-sudoku-app.local.humanequation.co/api/savescore/42/1234/798031,1469821477,,200
f66e54,127.0.0.1,GET,http://rest-api-sudoku-app.local.humanequation.co/api/savescore/42/1234/798031,1469821526,,200
c6feac,127.0.0.1,GET,http://rest-api-sudoku-app.local.humanequation.co/api/newgame/easy/1234,1469821748,,200
ce3b9f,127.0.0.1,GET,http://rest-api-sudoku-app.local.humanequation.co/api/gettimer/44/1234,1469822127,30ee06,200
30ee06,127.0.0.1,GET,http://rest-api-sudoku-app.local.humanequation.co/api/gettimer/44/1234,1469822127,,500
43b03d,127.0.0.1,GET,http://rest-api-sudoku-app.local.humanequation.co/api/newgame/easy/1234,1469822285,e31dee,200
e31dee,127.0.0.1,GET,http://rest-api-sudoku-app.local.humanequation.co/api/newgame/easy/1234,1469822285,,500
784ca9,127.0.0.1,GET,http://rest-api-sudoku-app.local.humanequation.co/api/newgame/medium/1234,1469822321,65266a,200
65266a,127.0.0.1,GET,http://rest-api-sudoku-app.local.humanequation.co/api/newgame/medium/1234,1469822321,,500
a1cb65,127.0.0.1,GET,http://rest-api-sudoku-app.local.humanequation.co/api/newgame/medium/1234,1469822341,60145e,200
60145e,127.0.0.1,GET,http://rest-api-sudoku-app.local.humanequation.co/api/newgame/medium/1234,1469822341,,500
353c07,127.0.0.1,GET,http://rest-api-sudoku-app.local.humanequation.co/api/newgame/easy/1234,1469822373,,200
ba5fd1,127.0.0.1,GET,http://rest-api-sudoku-app.local.humanequation.co/api/savescore/45/1234/7,1469822382,,200
af4780,127.0.0.1,GET,http://rest-api-sudoku-app.local.humanequation.co/api/newgame/easy/1235,1469822471,,200
4dc9c3,127.0.0.1,GET,http://rest-api-sudoku-app.local.humanequation.co/api/savescore/45/1235/2,1469822474,,200
c9b6e8,127.0.0.1,GET,http://rest-api-sudoku-app.local.humanequation.co/ok,1470064048,225c79,200
225c79,127.0.0.1,GET,http://rest-api-sudoku-app.local.humanequation.co/ok,1470064048,,404
ae7859,127.0.0.1,GET,http://rest-api-sudoku-app.local.humanequation.co/api/newgame/easy/1235,1470078107,,200
2c7a15,127.0.0.1,GET,http://rest-api-sudoku-app.local.humanequation.co/api/newgame/easy/1235,1470078192,,200
7d0ae9,127.0.0.1,GET,http://rest-api-sudoku-app.local.humanequation.co/api/newgame/easy/1235,1470079147,,200
3f1d08,127.0.0.1,GET,http://rest-api-sudoku-app.local.humanequation.co/api/newgame/easy/1235,1470079259,,200
f4b93c,127.0.0.1,GET,http://rest-api-sudoku-app.local.humanequation.co/api/newgame/easy/1235,1470148947,5a46aa,200
5a46aa,127.0.0.1,GET,http://rest-api-sudoku-app.local.humanequation.co/api/newgame/easy/1235,1470148947,,500
77078f,127.0.0.1,GET,http://rest-api-sudoku-app.local.humanequation.co/api/newgame/easy/1235,1470149747,badd0e,200
badd0e,127.0.0.1,GET,http://rest-api-sudoku-app.local.humanequation.co/api/newgame/easy/1235,1470149747,,500
8d0210,127.0.0.1,GET,http://rest-api-sudoku-app.local.humanequation.co/api/newgame/easy/1235,1470151627,b9b11f,200
b9b11f,127.0.0.1,GET,http://rest-api-sudoku-app.local.humanequation.co/api/newgame/easy/1235,1470151627,,500
a895f6,127.0.0.1,GET,http://rest-api-sudoku-app.local.humanequation.co/api/newgame/easy/1235,1470162953,e6a80c,200
e6a80c,127.0.0.1,GET,http://rest-api-sudoku-app.local.humanequation.co/api/newgame/easy/1235,1470162953,,500
3c68d0,127.0.0.1,GET,http://rest-api-sudoku-app.local.humanequation.co/api/newgame/hard/1235,1470162960,1fe66f,200
1fe66f,127.0.0.1,GET,http://rest-api-sudoku-app.local.humanequation.co/api/newgame/hard/1235,1470162960,,500
6f02ba,127.0.0.1,GET,http://rest-api-sudoku-app.local.humanequation.co/api/newgame/easy/1235,1470234701,31d492,200
31d492,127.0.0.1,GET,http://rest-api-sudoku-app.local.humanequation.co/api/newgame/easy/1235,1470234701,,500
805151,127.0.0.1,GET,http://rest-api-sudoku-app.local.humanequation.co/api/newgame/easy/1235,1470235530,ec60e1,200
ec60e1,127.0.0.1,GET,http://rest-api-sudoku-app.local.humanequation.co/api/newgame/easy/1235,1470235530,,500
0be1dc,127.0.0.1,GET,http://rest-api-sudoku-app.local.humanequation.co/ok,1470243624,a8a893,200
a8a893,127.0.0.1,GET,http://rest-api-sudoku-app.local.humanequation.co/ok,1470243624,,404
f358d3,127.0.0.1,GET,http://rest-api-sudoku-app.local.humanequation.co/ok,1470243627,9eea1d,200
9eea1d,127.0.0.1,GET,http://rest-api-sudoku-app.local.humanequation.co/ok,1470243627,,404
14c70f,127.0.0.1,GET,http://rest-api-sudoku-app.local.humanequation.co/api/newgame/easy/10000,1470243645,b38a99,200
b38a99,127.0.0.1,GET,http://rest-api-sudoku-app.local.humanequation.co/api/newgame/easy/10000,1470243645,,500
ffe63d,127.0.0.1,GET,http://rest-api-sudoku-app.local.humanequation.co/api/newgame/easy/10000,1470243693,,200
7bfc16,127.0.0.1,GET,http://rest-api-sudoku-app.local.humanequation.co/api/newgame/easy/10000,1470248321,0c53a5,200
0c53a5,127.0.0.1,GET,http://rest-api-sudoku-app.local.humanequation.co/api/newgame/easy/10000,1470248321,,500
766c9f,127.0.0.1,GET,http://rest-api-sudoku-app.local.humanequation.co/api/newgame/easy/10000,1470249572,95b58b,200
95b58b,127.0.0.1,GET,http://rest-api-sudoku-app.local.humanequation.co/api/newgame/easy/10000,1470249572,,500
341150,127.0.0.1,GET,http://rest-api-sudoku-app.local.humanequation.co/api/newgame/easy/10000,1470249602,7080c5,200
7080c5,127.0.0.1,GET,http://rest-api-sudoku-app.local.humanequation.co/api/newgame/easy/10000,1470249602,,500
764f98,127.0.0.1,GET,http://rest-api-sudoku-app.local.humanequation.co/api/newgame/easy/10000,1470249777,e19ba8,200
e19ba8,127.0.0.1,GET,http://rest-api-sudoku-app.local.humanequation.co/api/newgame/easy/10000,1470249777,,500
822b7b,127.0.0.1,GET,http://rest-api-sudoku-app.local.humanequation.co/api/newgame/easy/10000,1470249795,b6b090,200
b6b090,127.0.0.1,GET,http://rest-api-sudoku-app.local.humanequation.co/api/newgame/easy/10000,1470249796,,500
c84d4c,127.0.0.1,GET,http://rest-api-sudoku-app.local.humanequation.co/api/newgame/easy/10000,1470249828,000002,200
000002,127.0.0.1,GET,http://rest-api-sudoku-app.local.humanequation.co/api/newgame/easy/10000,1470249828,,500
ea9d79,127.0.0.1,GET,http://rest-api-sudoku-app.local.humanequation.co/api/newgame/easy/10000,1470250058,2cd5ad,200
2cd5ad,127.0.0.1,GET,http://rest-api-sudoku-app.local.humanequation.co/api/newgame/easy/10000,1470250058,,500
6faf9a,127.0.0.1,GET,http://rest-api-sudoku-app.local.humanequation.co/api/newgame/easy/10000,1470250094,c3a721,200
c3a721,127.0.0.1,GET,http://rest-api-sudoku-app.local.humanequation.co/api/newgame/easy/10000,1470250094,,500
c3cfaa,127.0.0.1,GET,http://rest-api-sudoku-app.local.humanequation.co/api/newgame/easy/10000,1470250355,,200
7aa67a,127.0.0.1,GET,http://rest-api-sudoku-app.local.humanequation.co/api/newgame/easy/10000,1470252099,9a8e85,200
9a8e85,127.0.0.1,GET,http://rest-api-sudoku-app.local.humanequation.co/api/newgame/easy/10000,1470252099,,500
a5662e,127.0.0.1,GET,http://rest-api-sudoku-app.local.humanequation.co/api/newgame/easy/10000,1470252124,26da0a,200
26da0a,127.0.0.1,GET,http://rest-api-sudoku-app.local.humanequation.co/api/newgame/easy/10000,1470252124,,500
422b72,127.0.0.1,GET,http://rest-api-sudoku-app.local.humanequation.co/api/newgame/easy/10000,1470252141,040645,200
040645,127.0.0.1,GET,http://rest-api-sudoku-app.local.humanequation.co/api/newgame/easy/10000,1470252141,,500
970529,127.0.0.1,GET,http://rest-api-sudoku-app.local.humanequation.co/api/newgame/easy/10000,1470252161,889f7d,200
889f7d,127.0.0.1,GET,http://rest-api-sudoku-app.local.humanequation.co/api/newgame/easy/10000,1470252161,,500
c5b62b,127.0.0.1,GET,http://rest-api-sudoku-app.local.humanequation.co/api/newgame/easy/10000,1470252214,e2acc1,200
e2acc1,127.0.0.1,GET,http://rest-api-sudoku-app.local.humanequation.co/api/newgame/easy/10000,1470252214,,500
bf6404,127.0.0.1,GET,http://rest-api-sudoku-app.local.humanequation.co/api/newgame/easy/10000,1470252230,3b2dbc,200
3b2dbc,127.0.0.1,GET,http://rest-api-sudoku-app.local.humanequation.co/api/newgame/easy/10000,1470252230,,500
723787,127.0.0.1,GET,http://rest-api-sudoku-app.local.humanequation.co/api/newgame/easy/10000,1470252682,40dd6c,200
40dd6c,127.0.0.1,GET,http://rest-api-sudoku-app.local.humanequation.co/api/newgame/easy/10000,1470252682,,500
4490da,127.0.0.1,GET,http://rest-api-sudoku-app.local.humanequation.co/api/newgame/easy/10000,1470252733,68cfa6,200
68cfa6,127.0.0.1,GET,http://rest-api-sudoku-app.local.humanequation.co/api/newgame/easy/10000,1470252733,,500
d25a35,127.0.0.1,GET,http://rest-api-sudoku-app.local.humanequation.co/api/newgame/easy/10000,1470252853,,200
533323,127.0.0.1,GET,http://rest-api-sudoku-app.local.humanequation.co/api/newgame/easy/10000,1470252861,,200
fd637c,127.0.0.1,GET,http://rest-api-sudoku-app.local.humanequation.co/api/newgame/easy/1235,1470253520,,200
b49e1f,127.0.0.1,GET,http://rest-api-sudoku-app.local.humanequation.co/api/newgame/easy/1235,1470253533,,200
f5f76f,127.0.0.1,GET,http://rest-api-sudoku-app.local.humanequation.co/api/newgame/easy/1235,1470253645,,200
d117db,127.0.0.1,GET,http://rest-api-sudoku-app.local.humanequation.co/api/newgame/easy/1235,1470253680,,200
a2c9d8,127.0.0.1,GET,http://rest-api-sudoku-app.local.humanequation.co/api/newgame/easy/1235,1470253749,,200
7a0de4,127.0.0.1,GET,http://rest-api-sudoku-app.local.humanequation.co/api/newgame/easy/1235,1470253863,,200
595f63,127.0.0.1,GET,http://rest-api-sudoku-app.local.humanequation.co/api/savescore/56/1235/7,1470253871,,200
d65ba9,127.0.0.1,GET,http://rest-api-sudoku-app.local.humanequation.co/api/newgame/easy/1235,1470257894,,200
